{
  "results_roots": [
    "/home/yt/CTG_test/artifacts/results/denoising",
    "/home/yt/CTG_test/artifacts/runs/results/denoising"
  ],
  "methods": [
    "Direct denoising baseline",
    "Multilabel pred-mask guided",
    "Multilabel GT-mask oracle"
  ],
  "source_dirs": [
    "/home/yt/CTG_test/artifacts/results/denoising/denoising_baseline_clinical",
    "/home/yt/CTG_test/artifacts/results/denoising/multilabel_guided_denoising_clinical_pred",
    "/home/yt/CTG_test/artifacts/results/denoising/multilabel_guided_denoising_clinical_gt"
  ],
  "metrics": {
    "overall_mse": [
      0.19661445461029856,
      0.18220245376926827,
      0.12807508354438468
    ],
    "corrupted_region_mse": [
      10.23441983268434,
      9.550267113283345,
      8.914215335941181
    ],
    "clean_region_mse": [
      0.12092934310577584,
      0.11156719121619604,
      0.06182753443872388
    ],
    "overall_mae": [
      0.2059388181973365,
      0.18561035255493202,
      0.21657066589310056
    ],
    "corrupted_region_mae": [
      2.1309132657074628,
      2.0770601690044392,
      1.9886221527333974
    ],
    "clean_region_mae": [
      0.19142449955738744,
      0.17134880983007625,
      0.2032093872747462
    ],
    "baseline_mae": [
      0.09769088669950739,
      0.0895935960591133,
      0.06323891625615763
    ],
    "stv_mae": [
      0.13338863863131437,
      0.09609065862726839,
      0.14365389933265896
    ],
    "ltv_mae": [
      0.6881426115550707,
      0.49212331631642126,
      0.6943233885071168
    ],
    "baseline_bias_mean": [
      0.0064347290640394085,
      -0.017549261083743842,
      0.009544334975369459
    ],
    "baseline_bias_median": [
      0.0,
      0.0,
      0.0
    ],
    "stv_bias_mean": [
      -0.09627459000431113,
      0.0033964692574442877,
      0.08707018208663586
    ],
    "stv_bias_median": [
      -0.04651011383070336,
      0.00912519894704733,
      0.08469425563825084
    ],
    "ltv_bias_mean": [
      -0.5256192192097582,
      -0.02960599616082683,
      0.48145077043575485
    ],
    "ltv_bias_median": [
      -0.40734801019726774,
      0.03831909820254964,
      0.4777272632423717
    ]
  }
}