{
  "metrics": {
    "direct": {
      "overall_mse": 0.19661445461029856,
      "corrupted_region_mse": 10.23441983268434,
      "clean_region_mse": 0.12092934310577584,
      "overall_mae": 0.2059388181973365,
      "corrupted_region_mae": 2.1309132657074628,
      "clean_region_mae": 0.19142449955738744,
      "baseline_mae": 0.09769088669950739,
      "baseline_bias_mean": 0.0064347290640394085,
      "baseline_bias_median": 0.0,
      "baseline_clean_mean": 142.7911330049261,
      "baseline_reconstructed_mean": 142.79756773399015,
      "stv_mae": 0.13338863863131437,
      "stv_bias_mean": -0.09627459000431113,
      "stv_bias_median": -0.04651011383070336,
      "stv_clean_mean": 6.895243758672207,
      "stv_reconstructed_mean": 6.798969168667894,
      "ltv_mae": 0.6881426115550707,
      "ltv_bias_mean": -0.5256192192097582,
      "ltv_bias_median": -0.40734801019726774,
      "ltv_clean_mean": 39.425055706294856,
      "ltv_reconstructed_mean": 38.8994364870851
    },
    "pred": {
      "overall_mse": 0.18220245376926827,
      "corrupted_region_mse": 9.550267113283345,
      "clean_region_mse": 0.11156719121619604,
      "overall_mae": 0.18561035255493202,
      "corrupted_region_mae": 2.0770601690044392,
      "clean_region_mae": 0.17134880983007625,
      "baseline_mae": 0.0895935960591133,
      "baseline_bias_mean": -0.017549261083743842,
      "baseline_bias_median": 0.0,
      "baseline_clean_mean": 142.7911330049261,
      "baseline_reconstructed_mean": 142.77358374384235,
      "stv_mae": 0.09609065862726839,
      "stv_bias_mean": 0.0033964692574442877,
      "stv_bias_median": 0.00912519894704733,
      "stv_clean_mean": 6.895243758672207,
      "stv_reconstructed_mean": 6.89864022792965,
      "ltv_mae": 0.49212331631642126,
      "ltv_bias_mean": -0.02960599616082683,
      "ltv_bias_median": 0.03831909820254964,
      "ltv_clean_mean": 39.425055706294856,
      "ltv_reconstructed_mean": 39.39544971013403
    },
    "gt": {
      "overall_mse": 0.12807508354438468,
      "corrupted_region_mse": 8.914215335941181,
      "clean_region_mse": 0.06182753443872388,
      "overall_mae": 0.21657066589310056,
      "corrupted_region_mae": 1.9886221527333974,
      "clean_region_mae": 0.2032093872747462,
      "baseline_mae": 0.06323891625615763,
      "baseline_bias_mean": 0.009544334975369459,
      "baseline_bias_median": 0.0,
      "baseline_clean_mean": 142.7911330049261,
      "baseline_reconstructed_mean": 142.80067733990148,
      "stv_mae": 0.14365389933265896,
      "stv_bias_mean": 0.08707018208663586,
      "stv_bias_median": 0.08469425563825084,
      "stv_clean_mean": 6.895243758672207,
      "stv_reconstructed_mean": 6.98231394075884,
      "ltv_mae": 0.6943233885071168,
      "ltv_bias_mean": 0.48145077043575485,
      "ltv_bias_median": 0.4777272632423717,
      "ltv_clean_mean": 39.425055706294856,
      "ltv_reconstructed_mean": 39.90650647673061
    }
  },
  "feature_error_summary": {
    "direct": {
      "baseline": {
        "mean": 0.09772167487684728,
        "median": 0.0,
        "p90": 0.0,
        "p95": 1.0,
        "p99": 2.0,
        "max": 21.0,
        "top1pct_share": 0.47195967233774416
      },
      "stv": {
        "mean": 0.13337440481561094,
        "median": 0.07133509653717507,
        "p90": 0.30273829313797374,
        "p95": 0.3862770765376161,
        "p99": 0.8189373631428092,
        "max": 43.70050229213042,
        "top1pct_share": 0.13832172112857524
      },
      "ltv": {
        "mean": 0.6880927746353812,
        "median": 0.5117132767107933,
        "p90": 1.2140668384734796,
        "p95": 1.335788158767403,
        "p99": 3.2550801948022166,
        "max": 552.9438550911435,
        "top1pct_share": 0.18635669754813763
      }
    },
    "pred": {
      "baseline": {
        "mean": 0.0895320197044335,
        "median": 0.0,
        "p90": 0.0,
        "p95": 1.0,
        "p99": 2.0,
        "max": 13.0,
        "top1pct_share": 0.437414030261348
      },
      "stv": {
        "mean": 0.09605273875738382,
        "median": 0.05922256648338298,
        "p90": 0.1673117741300202,
        "p95": 0.23231268044784983,
        "p99": 0.7199442212439195,
        "max": 44.72614427282041,
        "top1pct_share": 0.187105828332837
      },
      "ltv": {
        "mean": 0.4918416824153432,
        "median": 0.3033469102903723,
        "p90": 0.7508023241280684,
        "p95": 0.9644188905446697,
        "p99": 3.265738381352728,
        "max": 568.9824731660284,
        "top1pct_share": 0.2553064615811075
      }
    },
    "gt": {
      "baseline": {
        "mean": 0.06323891625615763,
        "median": 0.0,
        "p90": 0.0,
        "p95": 0.0,
        "p99": 1.0,
        "max": 13.0,
        "top1pct_share": 0.4216163583252191
      },
      "stv": {
        "mean": 0.14367643980735648,
        "median": 0.10477941410653502,
        "p90": 0.2978115300645262,
        "p95": 0.37996414468158124,
        "p99": 0.6782134740765194,
        "max": 5.236463481541758,
        "top1pct_share": 0.09001373408999337
      },
      "ltv": {
        "mean": 0.6945489896068561,
        "median": 0.5341788033986745,
        "p90": 1.3557663002126223,
        "p95": 1.611457753221418,
        "p99": 2.8751593370245727,
        "max": 37.93599138567271,
        "top1pct_share": 0.10083478154351001
      }
    }
  }
}