{
  "metrics": {
    "direct": {
      "overall_mse": 0.19661445461029856,
      "corrupted_region_mse": 10.23441983268434,
      "clean_region_mse": 0.12092934310577584,
      "overall_mae": 0.2059388181973365,
      "corrupted_region_mae": 2.1309132657074628,
      "clean_region_mae": 0.19142449955738744,
      "baseline_mae": 0.09769088669950739,
      "baseline_bias_mean": 0.0064347290640394085,
      "baseline_bias_median": 0.0,
      "baseline_clean_mean": 142.7911330049261,
      "baseline_reconstructed_mean": 142.79756773399015,
      "stv_mae": 0.13338863863131437,
      "stv_bias_mean": -0.09627459000431113,
      "stv_bias_median": -0.04651011383070336,
      "stv_clean_mean": 6.895243758672207,
      "stv_reconstructed_mean": 6.798969168667894,
      "ltv_mae": 0.6881426115550707,
      "ltv_bias_mean": -0.5256192192097582,
      "ltv_bias_median": -0.40734801019726774,
      "ltv_clean_mean": 39.425055706294856,
      "ltv_reconstructed_mean": 38.8994364870851
    },
    "pred": {
      "overall_mse": 0.18220245376926827,
      "corrupted_region_mse": 9.550267113283345,
      "clean_region_mse": 0.11156719121619604,
      "overall_mae": 0.18561035255493202,
      "corrupted_region_mae": 2.0770601690044392,
      "clean_region_mae": 0.17134880983007625,
      "baseline_mae": 0.0895935960591133,
      "baseline_bias_mean": -0.017549261083743842,
      "baseline_bias_median": 0.0,
      "baseline_clean_mean": 142.7911330049261,
      "baseline_reconstructed_mean": 142.77358374384235,
      "stv_mae": 0.09609065862726839,
      "stv_bias_mean": 0.0033964692574442877,
      "stv_bias_median": 0.00912519894704733,
      "stv_clean_mean": 6.895243758672207,
      "stv_reconstructed_mean": 6.89864022792965,
      "ltv_mae": 0.49212331631642126,
      "ltv_bias_mean": -0.02960599616082683,
      "ltv_bias_median": 0.03831909820254964,
      "ltv_clean_mean": 39.425055706294856,
      "ltv_reconstructed_mean": 39.39544971013403
    },
    "gt": {
      "overall_mse": 0.12807508354438468,
      "corrupted_region_mse": 8.914215335941181,
      "clean_region_mse": 0.06182753443872388,
      "overall_mae": 0.21657066589310056,
      "corrupted_region_mae": 1.9886221527333974,
      "clean_region_mae": 0.2032093872747462,
      "baseline_mae": 0.06323891625615763,
      "baseline_bias_mean": 0.009544334975369459,
      "baseline_bias_median": 0.0,
      "baseline_clean_mean": 142.7911330049261,
      "baseline_reconstructed_mean": 142.80067733990148,
      "stv_mae": 0.14365389933265896,
      "stv_bias_mean": 0.08707018208663586,
      "stv_bias_median": 0.08469425563825084,
      "stv_clean_mean": 6.895243758672207,
      "stv_reconstructed_mean": 6.98231394075884,
      "ltv_mae": 0.6943233885071168,
      "ltv_bias_mean": 0.48145077043575485,
      "ltv_bias_median": 0.4777272632423717,
      "ltv_clean_mean": 39.425055706294856,
      "ltv_reconstructed_mean": 39.90650647673061
    }
  },
  "feature_error_summary": {
    "direct": {
      "baseline": {
        "mean": 0.09769088669950739,
        "median": 0.0,
        "p90": 0.0,
        "p95": 1.0,
        "p99": 2.0,
        "max": 21.0,
        "top1pct_share": 0.4721084147494485
      },
      "stv": {
        "mean": 0.13338873931211248,
        "median": 0.07135358660812763,
        "p90": 0.3026002087491706,
        "p95": 0.38626196302985183,
        "p99": 0.819943341284046,
        "max": 43.701269154582214,
        "top1pct_share": 0.13829689467817383
      },
      "ltv": {
        "mean": 0.6881436885983833,
        "median": 0.5118599184797006,
        "p90": 1.2145585546747668,
        "p95": 1.3361397083087836,
        "p99": 3.2577821002451937,
        "max": 552.9505130062157,
        "top1pct_share": 0.18633141025626493
      }
    },
    "pred": {
      "baseline": {
        "mean": 0.0895935960591133,
        "median": 0.0,
        "p90": 0.0,
        "p95": 1.0,
        "p99": 2.0,
        "max": 13.0,
        "top1pct_share": 0.43711340206185567
      },
      "stv": {
        "mean": 0.09609068554455301,
        "median": 0.0592548357655005,
        "p90": 0.16750480621082153,
        "p95": 0.23252705086616846,
        "p99": 0.7199294637583354,
        "max": 44.725472813048114,
        "top1pct_share": 0.18701945730643277
      },
      "ltv": {
        "mean": 0.49212358233096815,
        "median": 0.30338862330722804,
        "p90": 0.7511927257738366,
        "p95": 0.9647673294889243,
        "p99": 3.265326828749042,
        "max": 568.9703531781183,
        "top1pct_share": 0.25514670186620164
      }
    },
    "gt": {
      "baseline": {
        "mean": 0.06323891625615763,
        "median": 0.0,
        "p90": 0.0,
        "p95": 0.0,
        "p99": 1.0,
        "max": 13.0,
        "top1pct_share": 0.4216163583252191
      },
      "stv": {
        "mean": 0.14365388337105128,
        "median": 0.10472290512128923,
        "p90": 0.29782335553333267,
        "p95": 0.38010544853381956,
        "p99": 0.6785502239858867,
        "max": 5.234724991186313,
        "top1pct_share": 0.0900336554214561
      },
      "ltv": {
        "mean": 0.6943236269923974,
        "median": 0.5339659812507875,
        "p90": 1.3556678768039037,
        "p95": 1.6111738629245278,
        "p99": 2.8818485461547794,
        "max": 37.93619930810206,
        "top1pct_share": 0.10086081272695542
      }
    }
  },
  "feature_bias_summary": {
    "direct": {
      "baseline": {
        "mean": 0.0064347290640394085,
        "median": 0.0,
        "p05": 0.0,
        "p25": 0.0,
        "p75": 0.0,
        "p95": 0.0
      },
      "stv": {
        "mean": -0.09627474414728533,
        "median": -0.04651604288661293,
        "p05": -0.37255643699712265,
        "p25": -0.1669381156055142,
        "p75": 0.007538688150437678,
        "p95": 0.08609348844378412
      },
      "ltv": {
        "mean": -0.5256201510686135,
        "median": -0.40733254513477846,
        "p05": -1.3158671148205117,
        "p25": -0.9088364523844206,
        "p75": -0.011288080191775407,
        "p95": 0.42429160009933725
      }
    },
    "pred": {
      "baseline": {
        "mean": -0.017549261083743842,
        "median": 0.0,
        "p05": 0.0,
        "p25": 0.0,
        "p75": 0.0,
        "p95": 0.0
      },
      "stv": {
        "mean": 0.003396484323660881,
        "median": 0.009134115795870645,
        "p05": -0.13558446778558522,
        "p25": -0.04783156394917132,
        "p75": 0.0705832448580519,
        "p95": 0.18682408006331194
      },
      "ltv": {
        "mean": -0.02960586880426894,
        "median": 0.038321798021826226,
        "p05": -0.6908926595094499,
        "p25": -0.2683666585538589,
        "p75": 0.3401098798182147,
        "p95": 0.7762385763253291
      }
    },
    "gt": {
      "baseline": {
        "mean": 0.009544334975369459,
        "median": 0.0,
        "p05": 0.0,
        "p25": 0.0,
        "p75": 0.0,
        "p95": 0.0
      },
      "stv": {
        "mean": 0.08707010181379644,
        "median": 0.08469334507626414,
        "p05": -0.1302844347684416,
        "p25": 0.006689416612990273,
        "p75": 0.17728395215212833,
        "p95": 0.34609956890733645
      },
      "ltv": {
        "mean": 0.48145085104872887,
        "median": 0.47773467892258736,
        "p05": -0.46189618917016445,
        "p25": 0.09717138365769529,
        "p75": 0.9076229597386885,
        "p95": 1.5533357274570647
      }
    }
  }
}